ID;Scope
hash-04;design
hash-09;implementation
hash-17;implementation
hash-18;design
hash-20;design
kem-01;implementation
kem-09;implementation
kem-17;implementation
kem-18;implementation
kem-24;implementation
kem-29;implementation
kem-32;implementation
kem-39;implementation
kex-02;implementation
kex-03;implementation
kex-07;implementation
sign-01;implementation
sign-03;implementation
sign-07;implementation
sign-12;implementation
sign-15;implementation
sign-25;implementation
sign-32;implementation
sign-33;implementation
